fid,id,Abbreviated District Name,customfielddata,Jurisdiction,County
9139,43470,A-1,"{""41_116"": "".46"", ""41_117"": ""2"", ""41_118"": """", ""41_119"": """", ""41_125"": ""1"", ""41_126"": ""2"", ""41_127"": """", ""41_128"": """", ""45_121"": ""f"", ""45_122"": ""f"", ""50_135"": """"}",Charles City,Charles City County
9423,43471,R-1,"{""41_116"": ""0.46"", ""41_117"": ""0.69"", ""41_118"": """", ""41_119"": """", ""41_125"": ""1"", ""41_126"": ""1.5"", ""41_127"": """", ""41_128"": """", ""45_121"": ""f"", ""45_122"": ""f"", ""50_135"": """"}",Charles City,Charles City County
9137,43472,R-2,"{""41_116"": "".09"", ""41_117"": "".18"", ""41_118"": "".28"", ""41_119"": "".37"", ""41_125"": "".09"", ""41_126"": "".18"", ""41_127"": "".28"", ""41_128"": "".37"", ""45_121"": ""f"", ""45_122"": ""f"", ""50_135"": """"}",Charles City,Charles City County
9076,43473,B-1,"{""41_116"": ""0.46"", ""41_117"": ""0.46"", ""41_118"": """", ""41_119"": """", ""41_125"": ""1"", ""41_126"": ""1"", ""41_127"": """", ""41_128"": """", ""45_121"": ""f"", ""45_122"": ""f"", ""50_135"": """"}",Charles City,Charles City County
9427,43474,B-2,"{""41_116"": ""1"", ""41_117"": ""1"", ""41_118"": """", ""41_119"": """", ""41_125"": ""1"", ""41_126"": ""1"", ""41_127"": """", ""41_128"": """", ""45_121"": ""f"", ""45_122"": ""f"", ""50_135"": """"}",Charles City,Charles City County
9043,43475,B-3,"{""41_116"": ""1"", ""41_117"": ""1"", ""41_118"": """", ""41_119"": """", ""41_125"": ""1"", ""41_126"": ""1"", ""41_127"": """", ""41_128"": """", ""45_121"": ""f"", ""45_122"": ""f"", ""50_135"": """"}",Charles City,Charles City County
9397,43476,M-1,"{""41_116"": """", ""41_117"": """", ""41_118"": """", ""41_119"": """", ""41_125"": """", ""41_126"": """", ""41_127"": """", ""41_128"": """", ""45_121"": ""f"", ""45_122"": ""f"", ""50_135"": """"}",Charles City,Charles City County
9060,43477,M-2,"{""41_116"": """", ""41_117"": """", ""41_118"": """", ""41_119"": """", ""41_125"": """", ""41_126"": """", ""41_127"": """", ""41_128"": """", ""45_121"": ""f"", ""45_122"": ""f"", ""50_135"": """"}",Charles City,Charles City County
9049,43478,PD-IP,"{""41_116"": """", ""41_117"": """", ""41_118"": """", ""41_119"": """", ""41_125"": """", ""41_126"": """", ""41_127"": """", ""41_128"": """", ""45_121"": ""f"", ""45_122"": ""f"", ""50_135"": """"}",Charles City,Charles City County
9057,43479,A-20,"{""41_116"": ""20"", ""41_117"": ""20"", ""41_118"": """", ""41_119"": """", ""41_125"": ""20"", ""41_126"": ""20"", ""41_127"": """", ""41_128"": """", ""45_121"": ""f"", ""45_122"": ""f"", ""50_135"": """"}",Charles City,Charles City County
10209,43495,R-88,"{""41_116"": ""2.02"", ""41_117"": ""2.02"", ""41_118"": """", ""41_119"": """", ""41_125"": ""2.02"", ""41_126"": ""2.02"", ""41_127"": """", ""41_128"": """", ""45_121"": ""f"", ""45_122"": ""f"", ""50_135"": ""t""}",Chesterfield,Chesterfield County
10428,43496,R-40,"{""41_116"": ""0.92"", ""41_117"": ""0.92"", ""41_118"": """", ""41_119"": """", ""41_125"": ""0.92"", ""41_126"": ""0.92"", ""41_127"": """", ""41_128"": """", ""45_121"": ""f"", ""45_122"": ""f"", ""50_135"": ""t""}",Chesterfield,Chesterfield County
10145,43497,R-25,"{""41_116"": ""0.57"", ""41_117"": ""0.57"", ""41_118"": """", ""41_119"": """", ""41_125"": ""0.57"", ""41_126"": ""0.57"", ""41_127"": """", ""41_128"": """", ""45_121"": ""f"", ""45_122"": ""f"", ""50_135"": ""t""}",Chesterfield,Chesterfield County
10647,43498,R-15,"{""41_116"": ""0.34"", ""41_117"": ""0.34"", ""41_118"": """", ""41_119"": """", ""41_125"": ""0.34"", ""41_126"": ""0.34"", ""41_127"": """", ""41_128"": """", ""45_121"": ""f"", ""45_122"": ""f"", ""50_135"": ""t""}",Chesterfield,Chesterfield County
10013,43499,R-12,"{""41_116"": ""0.28"", ""41_117"": ""0.28"", ""41_118"": """", ""41_119"": """", ""41_125"": ""0.28"", ""41_126"": ""0.28"", ""41_127"": """", ""41_128"": """", ""45_121"": ""f"", ""45_122"": ""f"", ""50_135"": ""t""}",Chesterfield,Chesterfield County
10235,43501,R-7,"{""41_116"": ""0.16"", ""41_117"": ""0.16"", ""41_118"": """", ""41_119"": """", ""41_125"": ""0.21"", ""41_126"": ""0.21"", ""41_127"": """", ""41_128"": """", ""45_121"": ""f"", ""45_122"": ""f"", ""50_135"": ""t""}",Chesterfield,Chesterfield County
10584,43502,R-TH,"{""41_116"": ""0.03"", ""41_117"": """", ""41_118"": """", ""41_119"": ""0.03"", ""41_125"": ""0.06"", ""41_126"": """", ""41_127"": """", ""41_128"": ""0.06"", ""45_121"": ""f"", ""45_122"": ""t"", ""50_135"": ""t""}",Chesterfield,Chesterfield County
11758,43503,R-MF,"{""41_116"": """", ""41_117"": """", ""41_118"": ""0"", ""41_119"": ""0"", ""41_125"": """", ""41_126"": """", ""41_127"": ""0"", ""41_128"": ""0"", ""45_121"": ""f"", ""45_122"": ""f"", ""50_135"": ""t""}",Chesterfield,Chesterfield County
12587,43504,MH-1,"{""41_116"": ""0"", ""41_117"": """", ""41_118"": """", ""41_119"": """", ""41_125"": ""0"", ""41_126"": """", ""41_127"": """", ""41_128"": """", ""45_121"": ""f"", ""45_122"": ""f"", ""50_135"": ""t""}",Chesterfield,Chesterfield County
12599,43505,MH-2,"{""41_116"": ""0.16"", ""41_117"": """", ""41_118"": """", ""41_119"": """", ""41_125"": ""0.16"", ""41_126"": """", ""41_127"": """", ""41_128"": """", ""45_121"": ""f"", ""45_122"": ""f"", ""50_135"": ""t""}",Chesterfield,Chesterfield County
10837,43507,A,"{""41_116"": ""5"", ""41_117"": ""5"", ""41_118"": ""5"", ""41_119"": ""5"", ""41_125"": """", ""41_126"": """", ""41_127"": """", ""41_128"": """", ""45_121"": ""f"", ""45_122"": ""f"", ""50_135"": """"}",Chesterfield,Chesterfield County
12600,43508,O-1,"{""41_116"": """", ""41_117"": """", ""41_118"": """", ""41_119"": """", ""41_125"": """", ""41_126"": """", ""41_127"": """", ""41_128"": """", ""45_121"": ""f"", ""45_122"": ""f"", ""50_135"": ""t""}",Chesterfield,Chesterfield County
9901,43509,O-2,"{""41_116"": """", ""41_117"": """", ""41_118"": """", ""41_119"": """", ""41_125"": """", ""41_126"": """", ""41_127"": """", ""41_128"": """", ""45_121"": ""f"", ""45_122"": ""f"", ""50_135"": ""t""}",Chesterfield,Chesterfield County
9840,43510,C-1,"{""41_116"": """", ""41_117"": """", ""41_118"": """", ""41_119"": """", ""41_125"": """", ""41_126"": """", ""41_127"": """", ""41_128"": """", ""45_121"": ""f"", ""45_122"": ""f"", ""50_135"": ""t""}",Chesterfield,Chesterfield County
9434,43511,C-2,"{""41_116"": """", ""41_117"": """", ""41_118"": """", ""41_119"": """", ""41_125"": """", ""41_126"": """", ""41_127"": """", ""41_128"": """", ""45_121"": ""f"", ""45_122"": ""f"", ""50_135"": ""t""}",Chesterfield,Chesterfield County
9579,43512,C-3,"{""41_116"": """", ""41_117"": """", ""41_118"": """", ""41_119"": """", ""41_125"": """", ""41_126"": """", ""41_127"": """", ""41_128"": """", ""45_121"": ""f"", ""45_122"": ""f"", ""50_135"": ""t""}",Chesterfield,Chesterfield County
9843,43513,C-4,"{""41_116"": """", ""41_117"": """", ""41_118"": """", ""41_119"": """", ""41_125"": """", ""41_126"": """", ""41_127"": """", ""41_128"": """", ""45_121"": ""f"", ""45_122"": ""f"", ""50_135"": ""t""}",Chesterfield,Chesterfield County
11915,43514,C-5,"{""41_116"": """", ""41_117"": """", ""41_118"": """", ""41_119"": """", ""41_125"": """", ""41_126"": """", ""41_127"": """", ""41_128"": """", ""45_121"": ""f"", ""45_122"": ""f"", ""50_135"": ""t""}",Chesterfield,Chesterfield County
11812,43515,I-1,"{""41_116"": """", ""41_117"": """", ""41_118"": """", ""41_119"": """", ""41_125"": """", ""41_126"": """", ""41_127"": """", ""41_128"": """", ""45_121"": ""f"", ""45_122"": ""f"", ""50_135"": ""t""}",Chesterfield,Chesterfield County
12522,43516,I-2,"{""41_116"": ""0"", ""41_117"": """", ""41_118"": ""0"", ""41_119"": ""0"", ""41_125"": ""0"", ""41_126"": """", ""41_127"": ""0"", ""41_128"": ""0"", ""45_121"": ""f"", ""45_122"": ""t"", ""50_135"": ""t""}",Chesterfield,Chesterfield County
9777,43517,I-3,"{""41_116"": """", ""41_117"": """", ""41_118"": ""0"", ""41_119"": ""0"", ""41_125"": """", ""41_126"": """", ""41_127"": ""0"", ""41_128"": ""0"", ""45_121"": ""f"", ""45_122"": ""f"", ""50_135"": ""t""}",Chesterfield,Chesterfield County
10455,43518,R-9,"{""41_116"": ""0.21"", ""41_117"": ""0.21"", ""41_118"": """", ""41_119"": """", ""41_125"": ""0.21"", ""41_126"": ""0.21"", ""41_127"": """", ""41_128"": """", ""45_121"": ""f"", ""45_122"": ""f"", ""50_135"": ""t""}",Chesterfield,Chesterfield County
12048,43519,Emerging Growth Design,"{""41_116"": """", ""41_117"": """", ""41_118"": """", ""41_119"": """", ""41_125"": """", ""41_126"": """", ""41_127"": """", ""41_128"": """", ""45_121"": ""f"", ""45_122"": ""f"", ""50_135"": ""t""}",Chesterfield,Chesterfield County
9881,43520,Post Development Design,"{""41_116"": """", ""41_117"": """", ""41_118"": """", ""41_119"": """", ""41_125"": """", ""41_126"": """", ""41_127"": """", ""41_128"": """", ""45_121"": ""f"", ""45_122"": ""f"", ""50_135"": ""t""}",Chesterfield,Chesterfield County
9842,43521,Bon Air Special Design,"{""41_116"": """", ""41_117"": """", ""41_118"": """", ""41_119"": """", ""41_125"": """", ""41_126"": """", ""41_127"": """", ""41_128"": """", ""45_121"": ""f"", ""45_122"": ""f"", ""50_135"": ""t""}",Chesterfield,Chesterfield County
9856,43522,Chester Special Design,"{""41_116"": """", ""41_117"": """", ""41_118"": """", ""41_119"": """", ""41_125"": """", ""41_126"": """", ""41_127"": """", ""41_128"": """", ""45_121"": ""f"", ""45_122"": ""f"", ""50_135"": ""t""}",Chesterfield,Chesterfield County
12586,43523,Courthouse Design,"{""41_116"": """", ""41_117"": """", ""41_118"": """", ""41_119"": """", ""41_125"": """", ""41_126"": """", ""41_127"": """", ""41_128"": """", ""45_121"": ""f"", ""45_122"": ""f"", ""50_135"": ""t""}",Chesterfield,Chesterfield County
12573,43524,Employment Center Design,"{""41_116"": """", ""41_117"": """", ""41_118"": """", ""41_119"": """", ""41_125"": """", ""41_126"": """", ""41_127"": """", ""41_128"": """", ""45_121"": ""f"", ""45_122"": ""f"", ""50_135"": ""t""}",Chesterfield,Chesterfield County
9857,43525,Enon Core Design,"{""41_116"": """", ""41_117"": """", ""41_118"": """", ""41_119"": """", ""41_125"": """", ""41_126"": """", ""41_127"": """", ""41_128"": """", ""45_121"": ""t"", ""45_122"": ""t"", ""50_135"": ""t""}",Chesterfield,Chesterfield County
9764,43526,Ettrick Special Design,"{""41_116"": """", ""41_117"": """", ""41_118"": """", ""41_119"": """", ""41_125"": """", ""41_126"": """", ""41_127"": """", ""41_128"": """", ""45_121"": ""f"", ""45_122"": ""f"", ""50_135"": ""t""}",Chesterfield,Chesterfield County
9858,43527,Matoaca Special Design,"{""41_116"": """", ""41_117"": """", ""41_118"": """", ""41_119"": """", ""41_125"": """", ""41_126"": """", ""41_127"": """", ""41_128"": """", ""45_121"": ""f"", ""45_122"": ""f"", ""50_135"": ""t""}",Chesterfield,Chesterfield County
12572,43528,Midlothian Special Design,"{""41_116"": """", ""41_117"": """", ""41_118"": """", ""41_119"": """", ""41_125"": """", ""41_126"": """", ""41_127"": """", ""41_128"": """", ""45_121"": ""f"", ""45_122"": ""f"", ""50_135"": ""t""}",Chesterfield,Chesterfield County
9859,43529,Northern Jefferson Davis Highway Design,"{""41_116"": """", ""41_117"": """", ""41_118"": """", ""41_119"": """", ""41_125"": """", ""41_126"": """", ""41_127"": """", ""41_128"": """", ""45_121"": ""f"", ""45_122"": ""f"", ""50_135"": ""t""}",Chesterfield,Chesterfield County
9769,43530,Route 10 East Design,"{""41_116"": """", ""41_117"": """", ""41_118"": """", ""41_119"": """", ""41_125"": """", ""41_126"": """", ""41_127"": """", ""41_128"": """", ""45_121"": ""f"", ""45_122"": ""f"", ""50_135"": ""t""}",Chesterfield,Chesterfield County
9773,43531,Route 360 East Design,"{""41_116"": """", ""41_117"": """", ""41_118"": """", ""41_119"": """", ""41_125"": """", ""41_126"": """", ""41_127"": """", ""41_128"": """", ""45_121"": ""f"", ""45_122"": ""f"", ""50_135"": ""t""}",Chesterfield,Chesterfield County
12575,43532,Route 360 West Design,"{""41_116"": """", ""41_117"": """", ""41_118"": """", ""41_119"": """", ""41_125"": """", ""41_126"": """", ""41_127"": """", ""41_128"": """", ""45_121"": ""f"", ""45_122"": ""f"", ""50_135"": ""t""}",Chesterfield,Chesterfield County
12582,43533,Roseland Zoning Overlay,"{""41_116"": """", ""41_117"": """", ""41_118"": """", ""41_119"": """", ""41_125"": """", ""41_126"": """", ""41_127"": """", ""41_128"": """", ""45_121"": ""f"", ""45_122"": ""f"", ""50_135"": ""t""}",Chesterfield,Chesterfield County
1942,56980,R-1,"{""41_116"": ""0.46"", ""41_117"": """", ""41_118"": """", ""41_119"": """", ""41_125"": ""0.46"", ""41_126"": """", ""41_127"": """", ""41_128"": """", ""45_121"": ""t"", ""45_122"": ""f"", ""50_135"": """"}",Richmond (city),Richmond city
2170,56981,R-2,"{""41_116"": ""0.34"", ""41_117"": """", ""41_118"": """", ""41_119"": """", ""41_125"": ""0.34"", ""41_126"": """", ""41_127"": """", ""41_128"": """", ""45_121"": ""t"", ""45_122"": ""f"", ""50_135"": """"}",Richmond (city),Richmond city
1904,56982,R-3,"{""41_116"": ""0.23"", ""41_117"": """", ""41_118"": """", ""41_119"": """", ""41_125"": ""0.23"", ""41_126"": """", ""41_127"": """", ""41_128"": """", ""45_121"": ""t"", ""45_122"": ""f"", ""50_135"": """"}",Richmond (city),Richmond city
1698,56983,R-4,"{""41_116"": ""0.17"", ""41_117"": """", ""41_118"": """", ""41_119"": """", ""41_125"": ""0.17"", ""41_126"": """", ""41_127"": """", ""41_128"": """", ""45_121"": ""t"", ""45_122"": ""f"", ""50_135"": """"}",Richmond (city),Richmond city
2000,56984,R-5,"{""41_116"": ""0.14"", ""41_117"": """", ""41_118"": """", ""41_119"": """", ""41_125"": ""0.14"", ""41_126"": """", ""41_127"": """", ""41_128"": """", ""45_121"": ""t"", ""45_122"": ""f"", ""50_135"": """"}",Richmond (city),Richmond city
1625,56986,R-6,"{""41_116"": ""0.05"", ""41_117"": ""0.14"", ""41_118"": """", ""41_119"": """", ""41_125"": ""0.14"", ""41_126"": ""0.14"", ""41_127"": """", ""41_128"": """", ""45_121"": ""f"", ""45_122"": ""f"", ""50_135"": """"}",Richmond (city),Richmond city
1677,56987,R-7,"{""41_116"": ""0.05"", ""41_117"": ""0.10"", ""41_118"": """", ""41_119"": """", ""41_125"": ""0.08"", ""41_126"": ""0.10"", ""41_127"": """", ""41_128"": """", ""45_121"": ""f"", ""45_122"": ""f"", ""50_135"": """"}",Richmond (city),Richmond city
1621,56988,R-8,"{""41_116"": ""0.07"", ""41_117"": ""0.78"", ""41_118"": ""0.03"", ""41_119"": ""0.13"", ""41_125"": """", ""41_126"": ""0.78"", ""41_127"": ""0.03"", ""41_128"": ""0.13"", ""45_121"": ""f"", ""45_122"": ""t"", ""50_135"": """"}",Richmond (city),Richmond city
2379,56989,R-43,"{""41_116"": ""0.05"", ""41_117"": ""0.05"", ""41_118"": """", ""41_119"": """", ""41_125"": """", ""41_126"": """", ""41_127"": """", ""41_128"": """", ""45_121"": ""f"", ""45_122"": ""t"", ""50_135"": """"}",Richmond (city),Richmond city
2471,56990,R-48,"{""41_116"": ""0.05"", ""41_117"": ""0.1"", ""41_118"": """", ""41_119"": """", ""41_125"": """", ""41_126"": """", ""41_127"": """", ""41_128"": """", ""45_121"": ""f"", ""45_122"": ""t"", ""50_135"": """"}",Richmond (city),Richmond city
2306,56991,R-53,"{""41_116"": ""0.05"", ""41_117"": ""0.1"", ""41_118"": ""0.12"", ""41_119"": ""0.12"", ""41_125"": """", ""41_126"": """", ""41_127"": """", ""41_128"": """", ""45_121"": ""f"", ""45_122"": """", ""50_135"": """"}",Richmond (city),Richmond city
2450,56992,R-63,"{""41_116"": ""0.05"", ""41_117"": ""0.07"", ""41_118"": ""0.09"", ""41_119"": ""0.09"", ""41_125"": ""0.07"", ""41_126"": """", ""41_127"": """", ""41_128"": """", ""45_121"": ""f"", ""45_122"": ""t"", ""50_135"": """"}",Richmond (city),Richmond city
2758,56993,R-73,"{""41_116"": ""0.05"", ""41_117"": ""0.1"", ""41_118"": """", ""41_119"": """", ""41_125"": ""0.08"", ""41_126"": """", ""41_127"": """", ""41_128"": """", ""45_121"": ""f"", ""45_122"": ""t"", ""50_135"": """"}",Richmond (city),Richmond city
2388,56994,R-MH,"{""41_116"": """", ""41_117"": """", ""41_118"": """", ""41_119"": """", ""41_125"": """", ""41_126"": """", ""41_127"": """", ""41_128"": """", ""45_121"": ""t"", ""45_122"": ""f"", ""50_135"": """"}",Richmond (city),Richmond city
2392,56995,RO-1,"{""41_116"": ""0.05"", ""41_117"": ""0.14"", ""41_118"": ""0.07"", ""41_119"": ""0.07"", ""41_125"": """", ""41_126"": """", ""41_127"": """", ""41_128"": """", ""45_121"": ""f"", ""45_122"": ""t"", ""50_135"": """"}",Richmond (city),Richmond city
2417,56996,RO-2,"{""41_116"": ""0.05"", ""41_117"": ""0.1"", ""41_118"": ""0.11"", ""41_119"": ""0.11"", ""41_125"": """", ""41_126"": """", ""41_127"": """", ""41_128"": """", ""45_121"": ""f"", ""45_122"": ""t"", ""50_135"": """"}",Richmond (city),Richmond city
2778,56997,RO-3,"{""41_116"": ""0.05"", ""41_117"": ""0.1"", ""41_118"": """", ""41_119"": """", ""41_125"": """", ""41_126"": """", ""41_127"": """", ""41_128"": """", ""45_121"": ""f"", ""45_122"": ""t"", ""50_135"": """"}",Richmond (city),Richmond city
1726,56999,I,"{""41_116"": ""0.14"", ""41_117"": """", ""41_118"": """", ""41_119"": """", ""41_125"": """", ""41_126"": """", ""41_127"": """", ""41_128"": """", ""45_121"": ""t"", ""45_122"": ""f"", ""50_135"": """"}",Richmond (city),Richmond city
2581,57000,UB,"{""41_116"": """", ""41_117"": """", ""41_118"": """", ""41_119"": """", ""41_125"": """", ""41_126"": """", ""41_127"": """", ""41_128"": """", ""45_121"": ""f"", ""45_122"": ""f"", ""50_135"": """"}",Richmond (city),Richmond city
2443,57001,UB-2,"{""41_116"": """", ""41_117"": """", ""41_118"": """", ""41_119"": """", ""41_125"": """", ""41_126"": """", ""41_127"": """", ""41_128"": """", ""45_121"": ""f"", ""45_122"": ""f"", ""50_135"": """"}",Richmond (city),Richmond city
2679,57002,B-1,"{""41_116"": """", ""41_117"": """", ""41_118"": """", ""41_119"": """", ""41_125"": """", ""41_126"": """", ""41_127"": """", ""41_128"": """", ""45_121"": ""f"", ""45_122"": ""f"", ""50_135"": """"}",Richmond (city),Richmond city
2596,57003,B-2,"{""41_116"": """", ""41_117"": """", ""41_118"": """", ""41_119"": """", ""41_125"": """", ""41_126"": """", ""41_127"": """", ""41_128"": """", ""45_121"": ""f"", ""45_122"": ""f"", ""50_135"": """"}",Richmond (city),Richmond city
2703,57004,B-3,"{""41_116"": """", ""41_117"": """", ""41_118"": """", ""41_119"": """", ""41_125"": """", ""41_126"": """", ""41_127"": """", ""41_128"": """", ""45_121"": ""f"", ""45_122"": ""f"", ""50_135"": """"}",Richmond (city),Richmond city
2648,57005,B-4,"{""41_116"": """", ""41_117"": """", ""41_118"": """", ""41_119"": """", ""41_125"": """", ""41_126"": """", ""41_127"": """", ""41_128"": """", ""45_121"": ""f"", ""45_122"": ""f"", ""50_135"": """"}",Richmond (city),Richmond city
1985,57006,B-5,"{""41_116"": """", ""41_117"": """", ""41_118"": """", ""41_119"": """", ""41_125"": """", ""41_126"": """", ""41_127"": """", ""41_128"": """", ""45_121"": ""f"", ""45_122"": ""f"", ""50_135"": """"}",Richmond (city),Richmond city
2722,57007,B-6,"{""41_116"": """", ""41_117"": """", ""41_118"": """", ""41_119"": """", ""41_125"": """", ""41_126"": """", ""41_127"": """", ""41_128"": """", ""45_121"": ""f"", ""45_122"": ""f"", ""50_135"": """"}",Richmond (city),Richmond city
2739,57008,B-7,"{""41_116"": """", ""41_117"": """", ""41_118"": """", ""41_119"": """", ""41_125"": """", ""41_126"": """", ""41_127"": """", ""41_128"": """", ""45_121"": ""f"", ""45_122"": ""f"", ""50_135"": """"}",Richmond (city),Richmond city
2658,57009,RF-1,"{""41_116"": """", ""41_117"": """", ""41_118"": """", ""41_119"": """", ""41_125"": """", ""41_126"": """", ""41_127"": """", ""41_128"": """", ""45_121"": ""f"", ""45_122"": ""f"", ""50_135"": """"}",Richmond (city),Richmond city
2784,57010,RF-2,"{""41_116"": """", ""41_117"": """", ""41_118"": """", ""41_119"": """", ""41_125"": """", ""41_126"": """", ""41_127"": """", ""41_128"": """", ""45_121"": ""f"", ""45_122"": ""f"", ""50_135"": """"}",Richmond (city),Richmond city
2786,57012,DCC,"{""41_116"": """", ""41_117"": """", ""41_118"": """", ""41_119"": """", ""41_125"": """", ""41_126"": """", ""41_127"": """", ""41_128"": """", ""45_121"": ""f"", ""45_122"": ""f"", ""50_135"": """"}",Richmond (city),Richmond city
2811,57013,OS,"{""41_116"": """", ""41_117"": """", ""41_118"": """", ""41_119"": """", ""41_125"": """", ""41_126"": """", ""41_127"": """", ""41_128"": """", ""45_121"": ""f"", ""45_122"": ""f"", ""50_135"": """"}",Richmond (city),Richmond city
1725,57014,RP,"{""41_116"": """", ""41_117"": """", ""41_118"": """", ""41_119"": """", ""41_125"": """", ""41_126"": """", ""41_127"": """", ""41_128"": """", ""45_121"": ""f"", ""45_122"": ""f"", ""50_135"": """"}",Richmond (city),Richmond city
1741,57015,M-1,"{""41_116"": """", ""41_117"": """", ""41_118"": """", ""41_119"": """", ""41_125"": """", ""41_126"": """", ""41_127"": """", ""41_128"": """", ""45_121"": ""f"", ""45_122"": ""f"", ""50_135"": """"}",Richmond (city),Richmond city
1839,57016,M-2,"{""41_116"": """", ""41_117"": """", ""41_118"": """", ""41_119"": """", ""41_125"": """", ""41_126"": """", ""41_127"": """", ""41_128"": """", ""45_121"": ""f"", ""45_122"": ""f"", ""50_135"": """"}",Richmond (city),Richmond city
1887,57017,TOD-1,"{""41_116"": """", ""41_117"": """", ""41_118"": """", ""41_119"": """", ""41_125"": """", ""41_126"": """", ""41_127"": """", ""41_128"": """", ""45_121"": ""f"", ""45_122"": ""f"", ""50_135"": """"}",Richmond (city),Richmond city
3240,63355,A-1,"{""41_116"": ""2"", ""41_117"": ""2"", ""41_118"": """", ""41_119"": """", ""41_125"": ""3"", ""41_126"": ""3"", ""41_127"": """", ""41_128"": """", ""45_121"": ""f"", ""45_122"": ""f"", ""50_135"": """"}",Goochland,Goochland County
2826,63356,A-2,"{""41_116"": ""2"", ""41_117"": ""2"", ""41_118"": """", ""41_119"": """", ""41_125"": ""3"", ""41_126"": ""3"", ""41_127"": """", ""41_128"": """", ""45_121"": ""f"", ""45_122"": ""f"", ""50_135"": """"}",Goochland,Goochland County
3453,63358,R-R,"{""41_116"": ""5"", ""41_117"": ""5"", ""41_118"": """", ""41_119"": """", ""41_125"": ""5"", ""41_126"": ""5"", ""41_127"": """", ""41_128"": """", ""45_121"": ""f"", ""45_122"": ""f"", ""50_135"": """"}",Goochland,Goochland County
3102,63359,R-P,"{""41_116"": ""2"", ""41_117"": """", ""41_118"": """", ""41_119"": """", ""41_125"": ""2"", ""41_126"": """", ""41_127"": """", ""41_128"": """", ""45_121"": ""t"", ""45_122"": ""f"", ""50_135"": """"}",Goochland,Goochland County
3136,63360,R-1,"{""41_116"": ""0.55"", ""41_117"": """", ""41_118"": """", ""41_119"": """", ""41_125"": ""1.5"", ""41_126"": """", ""41_127"": """", ""41_128"": """", ""45_121"": ""t"", ""45_122"": ""f"", ""50_135"": """"}",Goochland,Goochland County
3593,63361,R-3,"{""41_116"": ""0.46"", ""41_117"": ""0.57"", ""41_118"": ""0.80"", ""41_119"": ""0.92"", ""41_125"": ""1.5"", ""41_126"": ""0.57"", ""41_127"": ""0.80"", ""41_128"": ""0.92"", ""45_121"": ""f"", ""45_122"": ""f"", ""50_135"": """"}",Goochland,Goochland County
3233,63362,R-N,"{""41_116"": ""0.34"", ""41_117"": """", ""41_118"": """", ""41_119"": """", ""41_125"": ""0.34"", ""41_126"": """", ""41_127"": """", ""41_128"": """", ""45_121"": ""t"", ""45_122"": ""f"", ""50_135"": """"}",Goochland,Goochland County
3211,63363,R-O,"{""41_116"": ""0.46"", ""41_117"": ""0.57"", ""41_118"": """", ""41_119"": """", ""41_125"": ""1.5"", ""41_126"": ""0.92"", ""41_127"": """", ""41_128"": """", ""45_121"": ""f"", ""45_122"": ""f"", ""50_135"": """"}",Goochland,Goochland County
3550,63364,RPUD,"{""41_116"": ""0"", ""41_117"": ""0"", ""41_118"": ""0"", ""41_119"": ""0"", ""41_125"": ""0"", ""41_126"": ""0"", ""41_127"": ""0"", ""41_128"": ""0"", ""45_121"": ""f"", ""45_122"": ""f"", ""50_135"": """"}",Goochland,Goochland County
3549,63365,R-MH,"{""41_116"": ""0.11"", ""41_117"": """", ""41_118"": """", ""41_119"": """", ""41_125"": ""0.11"", ""41_126"": """", ""41_127"": """", ""41_128"": """", ""45_121"": ""f"", ""45_122"": ""f"", ""50_135"": """"}",Goochland,Goochland County
3592,63366,MPUD,"{""41_116"": """", ""41_117"": """", ""41_118"": """", ""41_119"": """", ""41_125"": """", ""41_126"": """", ""41_127"": """", ""41_128"": """", ""45_121"": ""f"", ""45_122"": ""f"", ""50_135"": """"}",Goochland,Goochland County
3586,63367,B-N,"{""41_116"": """", ""41_117"": """", ""41_118"": """", ""41_119"": """", ""41_125"": """", ""41_126"": """", ""41_127"": """", ""41_128"": """", ""45_121"": ""f"", ""45_122"": ""f"", ""50_135"": """"}",Goochland,Goochland County
3348,63368,B-1,"{""41_116"": """", ""41_117"": """", ""41_118"": """", ""41_119"": """", ""41_125"": """", ""41_126"": """", ""41_127"": """", ""41_128"": """", ""45_121"": ""f"", ""45_122"": ""f"", ""50_135"": """"}",Goochland,Goochland County
3071,63369,B-3,"{""41_116"": """", ""41_117"": """", ""41_118"": """", ""41_119"": """", ""41_125"": """", ""41_126"": """", ""41_127"": """", ""41_128"": """", ""45_121"": ""f"", ""45_122"": ""f"", ""50_135"": """"}",Goochland,Goochland County
3073,63370,M-1,"{""41_116"": """", ""41_117"": """", ""41_118"": """", ""41_119"": """", ""41_125"": """", ""41_126"": """", ""41_127"": """", ""41_128"": """", ""45_121"": ""f"", ""45_122"": ""f"", ""50_135"": """"}",Goochland,Goochland County
3111,63371,M-2,"{""41_116"": """", ""41_117"": """", ""41_118"": """", ""41_119"": """", ""41_125"": """", ""41_126"": """", ""41_127"": """", ""41_128"": """", ""45_121"": ""f"", ""45_122"": ""f"", ""50_135"": """"}",Goochland,Goochland County
3072,66479,R-2,"{""41_116"": ""1.81"", ""41_117"": """", ""41_118"": """", ""41_119"": """", ""41_125"": ""1.81"", ""41_126"": """", ""41_127"": """", ""41_128"": """", ""45_121"": ""t"", ""45_122"": ""f"", ""50_135"": """"}",Goochland,Goochland County
1495,66821,RR-1,"{""41_116"": ""2"", ""41_117"": """", ""41_118"": """", ""41_119"": """", ""41_125"": ""2"", ""41_126"": """", ""41_127"": """", ""41_128"": """", ""45_121"": ""t"", ""45_122"": ""f"", ""50_135"": """"}",Ashland,Hanover County
1456,66822,RRC,"{""41_116"": ""1"", ""41_117"": """", ""41_118"": """", ""41_119"": """", ""41_125"": ""1"", ""41_126"": """", ""41_127"": """", ""41_128"": """", ""45_121"": ""t"", ""45_122"": ""f"", ""50_135"": """"}",Ashland,Hanover County
1470,66823,R-1,"{""41_116"": "".34"", ""41_117"": """", ""41_118"": """", ""41_119"": """", ""41_125"": "".34"", ""41_126"": """", ""41_127"": """", ""41_128"": """", ""45_121"": ""t"", ""45_122"": ""f"", ""50_135"": """"}",Ashland,Hanover County
1330,66824,R-2,"{""41_116"": ""0.23"", ""41_117"": """", ""41_118"": """", ""41_119"": """", ""41_125"": ""0.23"", ""41_126"": """", ""41_127"": """", ""41_128"": """", ""45_121"": ""t"", ""45_122"": ""f"", ""50_135"": """"}",Ashland,Hanover County
1597,66825,R-3,"{""41_116"": ""0.18"", ""41_117"": """", ""41_118"": """", ""41_119"": """", ""41_125"": ""0.18"", ""41_126"": """", ""41_127"": """", ""41_128"": """", ""45_121"": ""f"", ""45_122"": ""f"", ""50_135"": """"}",Ashland,Hanover County
1493,66826,R-4,"{""41_116"": ""0.14"", ""41_117"": ""0.14"", ""41_118"": """", ""41_119"": """", ""41_125"": ""0.14"", ""41_126"": ""0.14"", ""41_127"": """", ""41_128"": """", ""45_121"": ""f"", ""45_122"": ""f"", ""50_135"": """"}",Ashland,Hanover County
1529,66827,R-5,"{""41_116"": ""0.14"", ""41_117"": ""0.14"", ""41_118"": ""1"", ""41_119"": ""1"", ""41_125"": ""0.14"", ""41_126"": ""0.14"", ""41_127"": ""1"", ""41_128"": ""1"", ""45_121"": ""f"", ""45_122"": ""f"", ""50_135"": """"}",Ashland,Hanover County
1414,66828,RO-1,"{""41_116"": """", ""41_117"": """", ""41_118"": """", ""41_119"": """", ""41_125"": """", ""41_126"": """", ""41_127"": """", ""41_128"": """", ""45_121"": ""f"", ""45_122"": ""f"", ""50_135"": """"}",Ashland,Hanover County
1539,66829,PMH,"{""41_116"": "".06"", ""41_117"": """", ""41_118"": """", ""41_119"": """", ""41_125"": "".09"", ""41_126"": """", ""41_127"": """", ""41_128"": """", ""45_121"": ""f"", ""45_122"": ""f"", ""50_135"": """"}",Ashland,Hanover County
1462,66830,PUD,"{""41_116"": ""0"", ""41_117"": ""0"", ""41_118"": ""0"", ""41_119"": ""0"", ""41_125"": ""0"", ""41_126"": ""0"", ""41_127"": ""0"", ""41_128"": ""0"", ""45_121"": ""f"", ""45_122"": ""f"", ""50_135"": """"}",Ashland,Hanover County
1540,66831,B-1,"{""41_116"": """", ""41_117"": ""0"", ""41_118"": ""0"", ""41_119"": ""0"", ""41_125"": """", ""41_126"": ""0"", ""41_127"": ""0"", ""41_128"": ""0"", ""45_121"": ""f"", ""45_122"": ""f"", ""50_135"": """"}",Ashland,Hanover County
1415,66832,B-2,"{""41_116"": """", ""41_117"": """", ""41_118"": """", ""41_119"": """", ""41_125"": """", ""41_126"": """", ""41_127"": """", ""41_128"": """", ""45_121"": ""f"", ""45_122"": ""f"", ""50_135"": """"}",Ashland,Hanover County
1560,66833,B-4,"{""41_116"": ""0.23"", ""41_117"": """", ""41_118"": """", ""41_119"": """", ""41_125"": ""0.23"", ""41_126"": """", ""41_127"": """", ""41_128"": """", ""45_121"": ""t"", ""45_122"": ""f"", ""50_135"": """"}",Ashland,Hanover County
1614,66834,HE,"{""41_116"": "".34"", ""41_117"": """", ""41_118"": """", ""41_119"": """", ""41_125"": "".34"", ""41_126"": """", ""41_127"": """", ""41_128"": """", ""45_121"": ""t"", ""45_122"": ""f"", ""50_135"": """"}",Ashland,Hanover County
1564,66835,M-1,"{""41_116"": """", ""41_117"": """", ""41_118"": """", ""41_119"": """", ""41_125"": """", ""41_126"": """", ""41_127"": """", ""41_128"": """", ""45_121"": ""f"", ""45_122"": ""f"",  ""50_135"": """"}",Ashland,Hanover County
1590,66836,M-2,"{""41_116"": """", ""41_117"": """", ""41_118"": """", ""41_119"": """", ""41_125"": """", ""41_126"": """", ""41_127"": """", ""41_128"": """", ""45_121"": ""f"", ""45_122"": ""f"", ""50_135"": """"}",Ashland,Hanover County
1591,66837,POB,"{""41_116"": """", ""41_117"": """", ""41_118"": """", ""41_119"": """", ""41_125"": """", ""41_126"": """", ""41_127"": """", ""41_128"": """", ""45_121"": ""f"", ""45_122"": ""f"",  ""50_135"": """"}",Ashland,Hanover County
1592,66838,PSC,"{""41_116"": ""0"", ""41_117"": ""0"", ""41_118"": ""0"", ""41_119"": ""0"", ""41_125"": ""0"", ""41_126"": ""0"", ""41_127"": ""0"", ""41_128"": ""0"", ""45_121"": ""f"", ""45_122"": ""t"", ""50_135"": """"}",Ashland,Hanover County
809,66873,A-1,"{""41_116"": ""10"", ""41_117"": """", ""41_118"": """", ""41_119"": """", ""41_125"": ""10"", ""41_126"": """", ""41_127"": """", ""41_128"": """", ""45_121"": ""t"", ""45_122"": ""f"", ""50_135"": """"}",Hanover,Hanover County
767,66874,RC,"{""41_116"": ""0"", ""41_117"": """", ""41_118"": """", ""41_119"": """", ""41_125"": ""0"", ""41_126"": """", ""41_127"": """", ""41_128"": """", ""45_121"": ""t"", ""45_122"": ""f"", ""50_135"": """"}",Hanover,Hanover County
441,66875,AR-6,"{""41_116"": ""5"", ""41_117"": """", ""41_118"": """", ""41_119"": """", ""41_125"": ""5"", ""41_126"": """", ""41_127"": """", ""41_128"": """", ""45_121"": ""t"", ""45_122"": ""f"", ""50_135"": """"}",Hanover,Hanover County
352,66876,RS,"{""41_116"": ""0"", ""41_117"": """", ""41_118"": """", ""41_119"": """", ""41_125"": ""0.46"", ""41_126"": """", ""41_127"": """", ""41_128"": """", ""45_121"": ""f"", ""45_122"": ""f"", ""50_135"": ""t""}",Hanover,Hanover County
723,66877,RM,"{""41_116"": ""0"", ""41_117"": ""0"", ""41_118"": ""0"", ""41_119"": ""0"", ""41_125"": ""0"", ""41_126"": ""0"", ""41_127"": ""0"", ""41_128"": ""0"", ""45_121"": ""f"", ""45_122"": ""f"", ""50_135"": """"}",Hanover,Hanover County
1327,66878,MX,"{""41_116"": ""0"", ""41_117"": ""0"", ""41_118"": ""0"", ""41_119"": ""0"", ""41_125"": ""0"", ""41_126"": ""0"", ""41_127"": ""0"", ""41_128"": ""0"", ""45_121"": ""f"", ""45_122"": ""f"", ""50_135"": """"}",Hanover,Hanover County
1,66880,B-1,"{""41_116"": """", ""41_117"": """", ""41_118"": """", ""41_119"": """", ""41_125"": """", ""41_126"": """", ""41_127"": """", ""41_128"": """", ""45_121"": ""f"", ""45_122"": ""f"", ""50_135"": """"}",Hanover,Hanover County
80,66881,B-2,"{""41_116"": """", ""41_117"": """", ""41_118"": """", ""41_119"": """", ""41_125"": """", ""41_126"": """", ""41_127"": """", ""41_128"": """", ""45_121"": ""f"", ""45_122"": ""f"", ""50_135"": """"}",Hanover,Hanover County
218,66882,B-3,"{""41_116"": """", ""41_117"": """", ""41_118"": """", ""41_119"": """", ""41_125"": """", ""41_126"": """", ""41_127"": """", ""41_128"": """", ""45_121"": ""f"", ""45_122"": ""f"", ""50_135"": """"}",Hanover,Hanover County
1066,66883,OS,"{""41_116"": """", ""41_117"": """", ""41_118"": """", ""41_119"": """", ""41_125"": """", ""41_126"": """", ""41_127"": """", ""41_128"": """", ""45_121"": ""f"", ""45_122"": ""f"", ""50_135"": """"}",Hanover,Hanover County
1068,66885,M-1,"{""41_116"": """", ""41_117"": """", ""41_118"": """", ""41_119"": """", ""41_125"": """", ""41_126"": """", ""41_127"": """", ""41_128"": """", ""45_121"": ""f"", ""45_122"": ""f"", ""50_135"": """"}",Hanover,Hanover County
140,66886,M-2,"{""41_116"": """", ""41_117"": """", ""41_118"": """", ""41_119"": """", ""41_125"": """", ""41_126"": """", ""41_127"": """", ""41_128"": """", ""45_121"": ""f"", ""45_122"": ""f"", ""50_135"": """"}",Hanover,Hanover County
1116,66887,M-3,"{""41_116"": """", ""41_117"": """", ""41_118"": """", ""41_119"": """", ""41_125"": """", ""41_126"": """", ""41_127"": """", ""41_128"": """", ""45_121"": ""f"", ""45_122"": ""f"", ""50_135"": """"}",Hanover,Hanover County
437,66892,Ashland Area,"{""41_116"": """", ""41_117"": """", ""41_118"": """", ""41_119"": """", ""41_125"": """", ""41_126"": """", ""41_127"": """", ""41_128"": """", ""45_121"": ""f"", ""45_122"": ""f"", ""50_135"": """"}",Hanover,Hanover County
199,66893,AR-1,"{""41_116"": ""0.69"", ""41_117"": """", ""41_118"": """", ""41_119"": """", ""41_125"": ""0.69"", ""41_126"": """", ""41_127"": """", ""41_128"": """", ""45_121"": ""t"", ""45_122"": ""f"", ""50_135"": """"}",Hanover,Hanover County
733,66894,AR-2,"{""41_116"": ""0"", ""41_117"": """", ""41_118"": """", ""41_119"": """", ""41_125"": ""0"", ""41_126"": """", ""41_127"": """", ""41_128"": """", ""45_121"": ""t"", ""45_122"": ""f"", ""50_135"": """"}",Hanover,Hanover County
1143,66895,R-1,"{""41_116"": ""0.41"", ""41_117"": """", ""41_118"": """", ""41_119"": """", ""41_125"": ""0.46"", ""41_126"": """", ""41_127"": """", ""41_128"": """", ""45_121"": ""t"", ""45_122"": ""f"", ""50_135"": """"}",Hanover,Hanover County
1204,66896,R-2,"{""41_116"": ""0.3"", ""41_117"": """", ""41_118"": """", ""41_119"": """", ""41_125"": ""0.34"", ""41_126"": """", ""41_127"": """", ""41_128"": """", ""45_121"": ""t"", ""45_122"": ""f"", ""50_135"": """"}",Hanover,Hanover County
1266,66897,R-3,"{""41_116"": ""0.18"", ""41_117"": """", ""41_118"": """", ""41_119"": """", ""41_125"": ""0.23"", ""41_126"": """", ""41_127"": """", ""41_128"": """", ""45_121"": ""t"", ""45_122"": ""f"", ""50_135"": """"}",Hanover,Hanover County
1298,66898,R-4,"{""41_116"": ""0.02"", ""41_117"": ""0.04"", ""41_118"": ""0.05"", ""41_119"": ""0.07"", ""41_125"": ""0.02"", ""41_126"": ""0.04"", ""41_127"": ""0.05"", ""41_128"": ""0.07"", ""45_121"": ""f"", ""45_122"": ""f"", ""50_135"": """"}",Hanover,Hanover County
1312,66899,R-5,"{""41_116"": ""0.11"", ""41_117"": ""0.11"", ""41_118"": ""0"", ""41_119"": ""0"", ""41_125"": ""0.41"", ""41_126"": ""0.41"", ""41_127"": ""0"", ""41_128"": ""0"", ""45_121"": ""f"", ""45_122"": ""t"", ""50_135"": """"}",Hanover,Hanover County
1325,66900,R-6,"{""41_116"": ""0.09"", ""41_117"": """", ""41_118"": """", ""41_119"": """", ""41_125"": ""0.3"", ""41_126"": """", ""41_127"": """", ""41_128"": """", ""45_121"": ""f"", ""45_122"": ""f"", ""50_135"": """"}",Hanover,Hanover County
5427,66901,C-1,"{""41_116"": """", ""41_117"": """", ""41_118"": """", ""41_119"": """", ""41_125"": """", ""41_126"": """", ""41_127"": """", ""41_128"": """", ""45_121"": ""f"", ""45_122"": ""f"", ""50_135"": ""t""}",Henrico,Henrico County
4771,66902,A-1,"{""41_116"": ""1"", ""41_117"": """", ""41_118"": """", ""41_119"": """", ""41_125"": ""1"", ""41_126"": """", ""41_127"": """", ""41_128"": """", ""45_121"": ""t"", ""45_122"": ""f"", ""50_135"": ""t""}",Henrico,Henrico County
6764,66903,R-5A,"{""41_116"": ""0.13"", ""41_117"": ""0.26"", ""41_118"": """", ""41_119"": """", ""41_125"": ""0.13"", ""41_126"": ""0.26"", ""41_127"": """", ""41_128"": """", ""45_121"": ""f"", ""45_122"": ""f"", ""50_135"": ""t""}",Henrico,Henrico County
6589,66904,R-5,"{""41_116"": ""0.03"", ""41_117"": """", ""41_118"": ""0.27"", ""41_119"": ""0.27"", ""41_125"": ""0.03"", ""41_126"": """", ""41_127"": ""0.27"", ""41_128"": ""0.27"", ""45_121"": ""f"", ""45_122"": ""t"", ""50_135"": ""t""}",Henrico,Henrico County
6448,66905,R-6,"{""41_116"": ""0.03"", ""41_117"": """", ""41_118"": ""0.92"", ""41_119"": ""0.92"", ""41_125"": ""0.03"", ""41_126"": """", ""41_127"": ""0.92"", ""41_128"": ""0.92"", ""45_121"": ""f"", ""45_122"": ""t"", ""50_135"": ""t""}",Henrico,Henrico County
3789,66906,RTH,"{""41_116"": ""0.03"", ""41_117"": """", ""41_118"": ""0.27"", ""41_119"": ""0.27"", ""41_125"": ""0.03"", ""41_126"": """", ""41_127"": ""0.27"", ""41_128"": ""0.27"", ""45_121"": ""f"", ""45_122"": ""t"", ""50_135"": ""t""}",Henrico,Henrico County
6900,66907,CMU,"{""41_116"": ""0.02"", ""41_117"": ""0.03"", ""41_118"": ""0.03"", ""41_119"": ""0.03"", ""41_125"": ""0.02"", ""41_126"": ""0.03"", ""41_127"": ""0.03"", ""41_128"": ""0.03"", ""45_121"": ""f"", ""45_122"": ""f"", ""50_135"": ""t""}",Henrico,Henrico County
4499,66908,O-1,"{""41_116"": """", ""41_117"": """", ""41_118"": """", ""41_119"": """", ""41_125"": """", ""41_126"": """", ""41_127"": """", ""41_128"": """", ""45_121"": ""f"", ""45_122"": ""f"", ""50_135"": ""t""}",Henrico,Henrico County
3898,66909,O-2,"{""41_116"": """", ""41_117"": """", ""41_118"": """", ""41_119"": """", ""41_125"": """", ""41_126"": """", ""41_127"": """", ""41_128"": """", ""45_121"": ""f"", ""45_122"": ""f"", ""50_135"": ""t""}",Henrico,Henrico County
4562,66910,O-3,"{""41_116"": """", ""41_117"": """", ""41_118"": """", ""41_119"": """", ""41_125"": """", ""41_126"": """", ""41_127"": """", ""41_128"": """", ""45_121"": ""f"", ""45_122"": ""f"", ""50_135"": ""t""}",Henrico,Henrico County
4492,66911,O/S,"{""41_116"": """", ""41_117"": """", ""41_118"": """", ""41_119"": """", ""41_125"": """", ""41_126"": """", ""41_127"": """", ""41_128"": """", ""45_121"": ""f"", ""45_122"": ""f"", ""50_135"": ""f""}",Henrico,Henrico County
4177,66912,B-1,"{""41_116"": """", ""41_117"": ""0"", ""41_118"": ""0"", ""41_119"": ""0"", ""41_125"": """", ""41_126"": ""0"", ""41_127"": ""0"", ""41_128"": ""0"", ""45_121"": ""f"", ""45_122"": ""f"", ""50_135"": ""t""}",Henrico,Henrico County
4334,66913,B-2,"{""41_116"": """", ""41_117"": ""0"", ""41_118"": ""0"", ""41_119"": ""0"", ""41_125"": """", ""41_126"": ""0"", ""41_127"": ""0"", ""41_128"": ""0"", ""45_121"": ""f"", ""45_122"": ""f"", ""50_135"": ""t""}",Henrico,Henrico County
4038,66914,B-3,"{""41_116"": """", ""41_117"": ""0"", ""41_118"": ""0"", ""41_119"": ""0"", ""41_125"": """", ""41_126"": ""0"", ""41_127"": ""0"", ""41_128"": ""0"", ""45_121"": ""f"", ""45_122"": ""f"", ""50_135"": ""t""}",Henrico,Henrico County
6295,66915,M-1,"{""41_116"": """", ""41_117"": """", ""41_118"": """", ""41_119"": """", ""41_125"": """", ""41_126"": """", ""41_127"": """", ""41_128"": """", ""45_121"": ""f"", ""45_122"": ""f"", ""50_135"": ""t""}",Henrico,Henrico County
6388,66916,M-2,"{""41_116"": """", ""41_117"": """", ""41_118"": """", ""41_119"": """", ""41_125"": """", ""41_126"": """", ""41_127"": """", ""41_128"": """", ""45_121"": ""f"", ""45_122"": ""f"", ""50_135"": ""t""}",Henrico,Henrico County
6901,66917,M-3,"{""41_116"": """", ""41_117"": """", ""41_118"": """", ""41_119"": """", ""41_125"": """", ""41_126"": """", ""41_127"": """", ""41_128"": """", ""45_121"": ""f"", ""45_122"": ""f"", ""50_135"": ""t""}",Henrico,Henrico County
6912,66918,SMX-PD,"{""41_116"": ""0"", ""41_117"": ""0"", ""41_118"": ""0"", ""41_119"": ""0"", ""41_125"": ""0"", ""41_126"": ""0"", ""41_127"": ""0"", ""41_128"": ""0"", ""45_121"": ""f"", ""45_122"": ""f"", ""50_135"": ""t""}",Henrico,Henrico County
4751,66920,UMU-PD,"{""41_116"": ""0"", ""41_117"": ""0"", ""41_118"": ""0"", ""41_119"": ""0"", ""41_125"": ""0"", ""41_126"": ""0"", ""41_127"": ""0"", ""41_128"": ""0"", ""45_121"": ""f"", ""45_122"": ""f"", ""50_135"": ""t""}",Henrico,Henrico County
6831,66922,AS-O,"{""41_116"": """", ""41_117"": """", ""41_118"": """", ""41_119"": """", ""41_125"": """", ""41_126"": """", ""41_127"": """", ""41_128"": """", ""45_121"": ""f"", ""45_122"": ""f"", ""50_135"": ""t""}",Henrico,Henrico County
6910,66923,WBS-O,"{""41_116"": """", ""41_117"": """", ""41_118"": """", ""41_119"": """", ""41_125"": """", ""41_126"": """", ""41_127"": """", ""41_128"": """", ""45_121"": ""f"", ""45_122"": ""f"", ""50_135"": ""t""}",Henrico,Henrico County
6127,66924,IR-O,"{""41_116"": """", ""41_117"": """", ""41_118"": """", ""41_119"": """", ""41_125"": """", ""41_126"": """", ""41_127"": """", ""41_128"": """", ""45_121"": ""f"", ""45_122"": ""f"", ""50_135"": ""f""}",Henrico,Henrico County
6911,66925,WR-O,"{""41_116"": """", ""41_117"": """", ""41_118"": """", ""41_119"": """", ""41_125"": """", ""41_126"": """", ""41_127"": """", ""41_128"": """", ""45_121"": ""f"", ""45_122"": ""f"", ""50_135"": ""t""}",Henrico,Henrico County
5335,66926,R5C-O,"{""41_116"": """", ""41_117"": """", ""41_118"": """", ""41_119"": """", ""41_125"": """", ""41_126"": """", ""41_127"": """", ""41_128"": """", ""45_121"": ""f"", ""45_122"": ""f"", ""50_135"": ""t""}",Henrico,Henrico County
6908,66927,GA-O,"{""41_116"": """", ""41_117"": """", ""41_118"": """", ""41_119"": """", ""41_125"": """", ""41_126"": """", ""41_127"": """", ""41_128"": """", ""45_121"": ""f"", ""45_122"": ""f"", ""50_135"": ""t""}",Henrico,Henrico County
4746,66928,FBA-O,"{""41_116"": ""0"", ""41_117"": ""0"", ""41_118"": ""0"", ""41_119"": ""0"", ""41_125"": ""0"", ""41_126"": ""0"", ""41_127"": ""0"", ""41_128"": ""0"", ""45_121"": ""f"", ""45_122"": ""f"", ""50_135"": ""t""}",Henrico,Henrico County
6826,66929,R-0,"{""41_116"": ""1"", ""41_117"": """", ""41_118"": """", ""41_119"": """", ""41_125"": ""1"", ""41_126"": """", ""41_127"": """", ""41_128"": """", ""45_121"": ""t"", ""45_122"": ""f"", ""50_135"": ""t""}",Henrico,Henrico County
3639,66931,R-1,"{""41_116"": ""0.57"", ""41_117"": """", ""41_118"": """", ""41_119"": """", ""41_125"": ""0.57"", ""41_126"": """", ""41_127"": """", ""41_128"": """", ""45_121"": ""t"", ""45_122"": ""f"", ""50_135"": ""f""}",Henrico,Henrico County
6906,66932,R-1A,"{""41_116"": ""0.49"", ""41_117"": """", ""41_118"": """", ""41_119"": """", ""41_125"": ""0.49"", ""41_126"": """", ""41_127"": """", ""41_128"": """", ""45_121"": ""t"", ""45_122"": ""f"", ""50_135"": ""t""}",Henrico,Henrico County
3648,66933,R-2,"{""41_116"": ""0.41"", ""41_117"": """", ""41_118"": """", ""41_119"": """", ""41_125"": ""0.41"", ""41_126"": """", ""41_127"": """", ""41_128"": """", ""45_121"": ""t"", ""45_122"": ""f"", ""50_135"": ""t""}",Henrico,Henrico County
4603,66934,R-2A,"{""41_116"": ""0.31"", ""41_117"": """", ""41_118"": """", ""41_119"": """", ""41_125"": ""0.31"", ""41_126"": """", ""41_127"": """", ""41_128"": """", ""45_121"": ""t"", ""45_122"": ""f"", ""50_135"": ""t""}",Henrico,Henrico County
6128,66935,R-3,"{""41_116"": ""0.25"", ""41_117"": """", ""41_118"": """", ""41_119"": """", ""41_125"": ""0.25"", ""41_126"": """", ""41_127"": """", ""41_128"": """", ""45_121"": ""t"", ""45_122"": ""f"", ""50_135"": ""t""}",Henrico,Henrico County
3731,66936,R-3A,"{""41_116"": ""0.22"", ""41_117"": """", ""41_118"": """", ""41_119"": """", ""41_125"": ""0.22"", ""41_126"": """", ""41_127"": """", ""41_128"": """", ""45_121"": ""t"", ""45_122"": ""f"", ""50_135"": ""t""}",Henrico,Henrico County
5339,66937,R-4,"{""41_116"": ""0.18"", ""41_117"": """", ""41_118"": """", ""41_119"": """", ""41_125"": ""0.18"", ""41_126"": """", ""41_127"": """", ""41_128"": """", ""45_121"": ""t"", ""45_122"": ""f"", ""50_135"": ""t""}",Henrico,Henrico County
6744,66938,R-4A,"{""41_116"": ""0.17"", ""41_117"": """", ""41_118"": """", ""41_119"": """", ""41_125"": ""0.17"", ""41_126"": """", ""41_127"": """", ""41_128"": """", ""45_121"": ""t"", ""45_122"": ""f"", ""50_135"": ""t""}",Henrico,Henrico County
706,67026,B-O,"{""41_116"": """", ""41_117"": """", ""41_118"": """", ""41_119"": """", ""41_125"": """", ""41_126"": """", ""41_127"": """", ""41_128"": """", ""45_121"": ""f"", ""45_122"": ""f"", ""50_135"": """"}",Hanover,Hanover County
7900,67172,C-1,"{""41_116"": """", ""41_117"": """", ""41_118"": """", ""41_119"": """", ""41_125"": """", ""41_126"": """", ""41_127"": """", ""41_128"": """", ""45_121"": ""f"", ""45_122"": ""f"", ""50_135"": ""t""}",New Kent,New Kent County
7184,67173,A-1,"{""41_116"": ""10"", ""41_117"": ""10"", ""41_118"": """", ""41_119"": """", ""41_125"": ""10"", ""41_126"": ""10"", ""41_127"": """", ""41_128"": """", ""45_121"": ""f"", ""45_122"": ""f"", ""50_135"": ""t""}",New Kent,New Kent County
7174,67175,R-OA,"{""41_116"": ""0.46"", ""41_117"": """", ""41_118"": """", ""41_119"": """", ""41_125"": ""0.62"", ""41_126"": """", ""41_127"": """", ""41_128"": """", ""45_121"": ""t"", ""45_122"": ""f"", ""50_135"": ""t""}",New Kent,New Kent County
7988,67176,R-1,"{""41_116"": ""0.46"", ""41_117"": """", ""41_118"": """", ""41_119"": """", ""41_125"": ""0.62"", ""41_126"": """", ""41_127"": """", ""41_128"": """", ""45_121"": ""t"", ""45_122"": ""f"", ""50_135"": ""t""}",New Kent,New Kent County
8143,67178,R-2,"{""41_116"": ""0.23"", ""41_117"": ""0.28"", ""41_118"": ""1"", ""41_119"": ""1"", ""41_125"": ""0.46"", ""41_126"": ""0.51"", ""41_127"": ""1"", ""41_128"": ""1"", ""45_121"": ""f"", ""45_122"": ""f"", ""50_135"": ""t""}",New Kent,New Kent County
7173,67180,R-3,"{""41_116"": """", ""41_117"": ""0.28"", ""41_118"": ""10"", ""41_119"": """", ""41_125"": """", ""41_126"": ""0.51"", ""41_127"": ""10"", ""41_128"": """", ""45_121"": ""f"", ""45_122"": ""f"", ""50_135"": ""t""}",New Kent,New Kent County
6913,67182,BUS,"{""41_116"": ""0.46"", ""41_117"": ""0.46"", ""41_118"": ""0.46"", ""41_119"": ""0.46"", ""41_125"": ""1"", ""41_126"": ""1"", ""41_127"": ""1"", ""41_128"": ""1"", ""45_121"": ""f"", ""45_122"": ""f"", ""50_135"": ""t""}",New Kent,New Kent County
7009,67183,EO,"{""41_116"": "".46"", ""41_117"": "".46"", ""41_118"": "".46"", ""41_119"": "".46"", ""41_125"": ""1"", ""41_126"": ""1"", ""41_127"": ""1"", ""41_128"": ""1"", ""45_121"": ""f"", ""45_122"": ""f"", ""50_135"": ""t""}",New Kent,New Kent County
7853,67184,IND,"{""41_116"": """", ""41_117"": """", ""41_118"": """", ""41_119"": """", ""41_125"": """", ""41_126"": """", ""41_127"": """", ""41_128"": """", ""45_121"": ""f"", ""45_122"": ""f"", ""50_135"": ""t""}",New Kent,New Kent County
8199,67523,CHDD,"{""41_116"": ""0"", ""41_117"": ""0"", ""41_118"": ""0"", ""41_119"": ""0"", ""41_125"": ""0"", ""41_126"": ""0"", ""41_127"": ""0"", ""41_128"": ""0"", ""45_121"": ""f"", ""45_122"": ""f"", ""50_135"": ""t""}",New Kent,New Kent County
7083,67576,PUD,"{""41_116"": """", ""41_117"": """", ""41_118"": """", ""41_119"": """", ""41_125"": """", ""41_126"": """", ""41_127"": """", ""41_128"": """", ""45_121"": ""f"", ""45_122"": ""f"", ""50_135"": """"}",New Kent,New Kent County
6995,67577,Commerce Corridor Overlay,"{""41_116"": """", ""41_117"": """", ""41_118"": """", ""41_119"": """", ""41_125"": """", ""41_126"": """", ""41_127"": """", ""41_128"": """", ""45_121"": """", ""45_122"": """", ""50_135"": ""t""}",New Kent,New Kent County
9036,67590,A-C,"{""41_116"": ""0"", ""41_117"": """", ""41_118"": """", ""41_119"": """", ""41_125"": ""0"", ""41_126"": """", ""41_127"": """", ""41_128"": """", ""45_121"": ""t"", ""45_122"": ""f"", ""50_135"": ""t""}",Powhatan,Powhatan County
8750,67591,RR,"{""41_116"": ""10"", ""41_117"": """", ""41_118"": """", ""41_119"": """", ""41_125"": ""10"", ""41_126"": """", ""41_127"": """", ""41_128"": """", ""45_121"": ""t"", ""45_122"": ""f"", ""50_135"": ""t""}",Powhatan,Powhatan County
8755,67592,RR-5,"{""41_116"": ""5"", ""41_117"": """", ""41_118"": """", ""41_119"": """", ""41_125"": ""5"", ""41_126"": """", ""41_127"": """", ""41_128"": """", ""45_121"": ""t"", ""45_122"": ""f"", ""50_135"": ""t""}",Powhatan,Powhatan County
9035,67593,CR,"{""41_116"": ""1"", ""41_117"": """", ""41_118"": """", ""41_119"": """", ""41_125"": ""2"", ""41_126"": """", ""41_127"": """", ""41_128"": """", ""45_121"": ""t"", ""45_122"": ""f"", ""50_135"": ""t""}",Powhatan,Powhatan County
8567,67594,R-2,"{""41_116"": ""2"", ""41_117"": ""4"", ""41_118"": ""6"", ""41_119"": ""8"", ""41_125"": ""2"", ""41_126"": ""4"", ""41_127"": ""6"", ""41_128"": ""8"", ""45_121"": ""f"", ""45_122"": ""f"", ""50_135"": ""t""}",Powhatan,Powhatan County
8825,67596,VC,"{""41_116"": "".04"", ""41_117"": "".5"", ""41_118"": "".75"", ""41_119"": ""1"", ""41_125"": "".04"", ""41_126"": "".5"", ""41_127"": "".75"", ""41_128"": ""1"", ""45_121"": ""f"", ""45_122"": ""t"", ""50_135"": ""t""}",Powhatan,Powhatan County
9018,67597,CHSC,"{""41_116"": "".09"", ""41_117"": "".09"", ""41_118"": "".09"", ""41_119"": "".09"", ""41_125"": "".09"", ""41_126"": "".09"", ""41_127"": "".09"", ""41_128"": "".09"", ""45_121"": ""f"", ""45_122"": ""f"", ""50_135"": """"}",Powhatan,Powhatan County
8204,67598,CC,"{""41_116"": """", ""41_117"": """", ""41_118"": """", ""41_119"": """", ""41_125"": """", ""41_126"": """", ""41_127"": """", ""41_128"": """", ""45_121"": ""f"", ""45_122"": ""f"", ""50_135"": ""t""}",Powhatan,Powhatan County
8828,67599,I-1,"{""41_116"": """", ""41_117"": """", ""41_118"": """", ""41_119"": """", ""41_125"": """", ""41_126"": """", ""41_127"": """", ""41_128"": """", ""45_121"": ""f"", ""45_122"": ""f"", ""50_135"": ""t""}",Powhatan,Powhatan County
9037,67600,I-2,"{""41_116"": """", ""41_117"": """", ""41_118"": """", ""41_119"": """", ""41_125"": """", ""41_126"": """", ""41_127"": """", ""41_128"": """", ""45_121"": ""f"", ""45_122"": ""f"", ""50_135"": ""f""}",Powhatan,Powhatan County
9042,67601,M,"{""41_116"": """", ""41_117"": """", ""41_118"": """", ""41_119"": """", ""41_125"": """", ""41_126"": """", ""41_127"": """", ""41_128"": """", ""45_121"": ""f"", ""45_122"": ""f"", ""50_135"": ""t""}",Powhatan,Powhatan County
8913,67602,VR-PD,"{""41_116"": ""0"", ""41_117"": ""0"", ""41_118"": ""0"", ""41_119"": ""0"", ""41_125"": ""0"", ""41_126"": ""0"", ""41_127"": ""0"", ""41_128"": ""0"", ""45_121"": ""f"", ""45_122"": ""f"", ""50_135"": ""t""}",Powhatan,Powhatan County
9026,67603,VC-PD,"{""41_116"": ""0"", ""41_117"": ""0"", ""41_118"": ""0"", ""41_119"": ""0"", ""41_125"": ""0"", ""41_126"": ""0"", ""41_127"": ""0"", ""41_128"": ""0"", ""45_121"": ""f"", ""45_122"": ""f"", ""50_135"": ""t""}",Powhatan,Powhatan County
9024,67604,CC-PD,"{""41_116"": """", ""41_117"": """", ""41_118"": """", ""41_119"": """", ""41_125"": """", ""41_126"": """", ""41_127"": """", ""41_128"": """", ""45_121"": ""f"", ""45_122"": ""f"", ""50_135"": ""t""}",Powhatan,Powhatan County
8914,67606,R-U,"{""41_116"": ""0.4"", ""41_117"": ""0.5"", ""41_118"": ""0.5"", ""41_119"": ""0.5"", ""41_125"": ""2"", ""41_126"": ""4"", ""41_127"": ""6"", ""41_128"": ""8"", ""45_121"": ""f"", ""45_122"": ""f"", ""50_135"": ""t""}",Powhatan,Powhatan County
9014,67607,O,"{""41_116"": """", ""41_117"": """", ""41_118"": """", ""41_119"": """", ""41_125"": """", ""41_126"": """", ""41_127"": """", ""41_128"": """", ""45_121"": ""f"", ""45_122"": ""f"", ""50_135"": ""t""}",Powhatan,Powhatan County
8848,67608,C,"{""41_116"": """", ""41_117"": """", ""41_118"": """", ""41_119"": """", ""41_125"": """", ""41_126"": """", ""41_127"": """", ""41_128"": """", ""45_121"": ""f"", ""45_122"": ""f"", ""50_135"": ""t""}",Powhatan,Powhatan County
8299,67611,A-10,"{""41_116"": ""10"", ""41_117"": """", ""41_118"": """", ""41_119"": """", ""41_125"": ""10"", ""41_126"": """", ""41_127"": """", ""41_128"": """", ""45_121"": ""t"", ""45_122"": ""f"", ""50_135"": ""t""}",Powhatan,Powhatan County
6825,67908,PMD,"{""41_116"": """", ""41_117"": """", ""41_118"": """", ""41_119"": """", ""41_125"": """", ""41_126"": """", ""41_127"": """", ""41_128"": """", ""45_121"": ""f"", ""45_122"": ""f"", ""50_135"": ""t""}",Henrico,Henrico County
2776,72667,Community Unit Plan: Martin's Grant,"{""41_116"": """", ""41_117"": """", ""41_118"": """", ""41_119"": """", ""41_125"": """", ""41_126"": """", ""41_127"": """", ""41_128"": """", ""45_121"": ""t"", ""45_122"": ""f"", ""50_135"": ""t""}",Richmond (city),Richmond city
1722,72669,Community Unit Plan: James River Commons,"{""41_116"": """", ""41_117"": """", ""41_118"": """", ""41_119"": """", ""41_125"": """", ""41_126"": """", ""41_127"": """", ""41_128"": """", ""45_121"": ""t"", ""45_122"": ""f"", ""50_135"": ""t""}",Richmond (city),Richmond city
2822,72670,Community Unit Plan: Chippenham Forest Square,"{""41_116"": """", ""41_117"": """", ""41_118"": """", ""41_119"": """", ""41_125"": """", ""41_126"": """", ""41_127"": """", ""41_128"": """", ""45_121"": ""f"", ""45_122"": ""f"", ""50_135"": ""t""}",Richmond (city),Richmond city
2769,72671,Community Unit Plan: Shops at Stratford Hills,"{""41_116"": """", ""41_117"": """", ""41_118"": """", ""41_119"": """", ""41_125"": """", ""41_126"": """", ""41_127"": """", ""41_128"": """", ""45_121"": ""f"", ""45_122"": ""f"", ""50_135"": ""t""}",Richmond (city),Richmond city
2823,72672,Community Unit Plan: Beaufont Oaks,"{""41_116"": """", ""41_117"": """", ""41_118"": """", ""41_119"": """", ""41_125"": """", ""41_126"": """", ""41_127"": """", ""41_128"": """", ""45_121"": ""f"", ""45_122"": ""f"", ""50_135"": ""t""}",Richmond (city),Richmond city
2824,72673,Community Unit Plan: Gresham Woods,"{""41_116"": """", ""41_117"": """", ""41_118"": """", ""41_119"": """", ""41_125"": """", ""41_126"": """", ""41_127"": """", ""41_128"": """", ""45_121"": ""f"", ""45_122"": ""f"", ""50_135"": ""t""}",Richmond (city),Richmond city
1716,72674,Community Unit Plan: Governor's Retreat,"{""41_116"": """", ""41_117"": """", ""41_118"": """", ""41_119"": """", ""41_125"": """", ""41_126"": """", ""41_127"": """", ""41_128"": """", ""45_121"": ""t"", ""45_122"": ""f"", ""50_135"": ""t""}",Richmond (city),Richmond city
2770,72675,Community Unit Plan: Bellemeade,"{""41_116"": """", ""41_117"": """", ""41_118"": """", ""41_119"": """", ""41_125"": """", ""41_126"": """", ""41_127"": """", ""41_128"": """", ""45_121"": ""f"", ""45_122"": ""f"", ""50_135"": ""t""}",Richmond (city),Richmond city
1902,72676,Community Unit Plan: Lockegreen,"{""41_116"": """", ""41_117"": """", ""41_118"": """", ""41_119"": """", ""41_125"": """", ""41_126"": """", ""41_127"": """", ""41_128"": """", ""45_121"": ""t"", ""45_122"": ""f"", ""50_135"": ""t""}",Richmond (city),Richmond city
2777,72677,Community Unit Plan: Malvern Manor,"{""41_116"": """", ""41_117"": """", ""41_118"": """", ""41_119"": """", ""41_125"": """", ""41_126"": """", ""41_127"": """", ""41_128"": """", ""45_121"": ""f"", ""45_122"": ""f"", ""50_135"": ""t""}",Richmond (city),Richmond city
1723,72678,Community Unit Plan: Kanawha Trace,"{""41_116"": """", ""41_117"": """", ""41_118"": """", ""41_119"": """", ""41_125"": """", ""41_126"": """", ""41_127"": """", ""41_128"": """", ""45_121"": ""t"", ""45_122"": ""f"", ""50_135"": ""t""}",Richmond (city),Richmond city
2757,72681,Community Unit Plan: Ginter Place,"{""41_116"": """", ""41_117"": """", ""41_118"": """", ""41_119"": """", ""41_125"": """", ""41_126"": """", ""41_127"": """", ""41_128"": """", ""45_121"": ""f"", ""45_122"": ""f"", ""50_135"": ""t""}",Richmond (city),Richmond city
1724,72682,Community Unit Plan: Randolph,"{""41_116"": """", ""41_117"": """", ""41_118"": """", ""41_119"": """", ""41_125"": """", ""41_126"": """", ""41_127"": """", ""41_128"": """", ""45_121"": ""f"", ""45_122"": ""f"", ""50_135"": ""t""}",Richmond (city),Richmond city
2772,72683,Community Unit Plan: Hartshorn Town House Community,"{""41_116"": """", ""41_117"": """", ""41_118"": """", ""41_119"": """", ""41_125"": """", ""41_126"": """", ""41_127"": """", ""41_128"": """", ""45_121"": ""f"", ""45_122"": ""f"", ""50_135"": ""t""}",Richmond (city),Richmond city
1941,72684,Community Unit Plan: Fay Towers/Gilpin Court,"{""41_116"": """", ""41_117"": """", ""41_118"": """", ""41_119"": """", ""41_125"": """", ""41_126"": """", ""41_127"": """", ""41_128"": """", ""45_121"": ""f"", ""45_122"": ""f"", ""50_135"": ""t""}",Richmond (city),Richmond city
1717,72685,Community Unit Plan: Highland Grove Preliminary CUP,"{""41_116"": """", ""41_117"": """", ""41_118"": """", ""41_119"": """", ""41_125"": """", ""41_126"": """", ""41_127"": """", ""41_128"": """", ""45_121"": ""f"", ""45_122"": ""f"", ""50_135"": ""t""}",Richmond (city),Richmond city
2773,72686,Community Unit Plan: Mosby Court,"{""41_116"": """", ""41_117"": """", ""41_118"": """", ""41_119"": """", ""41_125"": """", ""41_126"": """", ""41_127"": """", ""41_128"": """", ""45_121"": ""f"", ""45_122"": ""f"", ""50_135"": ""t""}",Richmond (city),Richmond city
2768,72687,Community Unit Plan: Creighton Court Redevelopment Preliminary CUP,"{""41_116"": """", ""41_117"": """", ""41_118"": """", ""41_119"": """", ""41_125"": """", ""41_126"": """", ""41_127"": """", ""41_128"": """", ""45_121"": ""f"", ""45_122"": ""f"", ""50_135"": ""t""}",Richmond (city),Richmond city
2771,72688,Community Unit Plan: Church Hill North Revitalization Plan,"{""41_116"": """", ""41_117"": """", ""41_118"": """", ""41_119"": """", ""41_125"": """", ""41_126"": """", ""41_127"": """", ""41_128"": """", ""45_121"": ""f"", ""45_122"": ""t"", ""50_135"": ""t""}",Richmond (city),Richmond city
1715,72689,Community Unit Plan: Fulton,"{""41_116"": """", ""41_117"": """", ""41_118"": """", ""41_119"": """", ""41_125"": """", ""41_126"": """", ""41_127"": """", ""41_128"": """", ""45_121"": ""f"", ""45_122"": ""f"", ""50_135"": ""t""}",Richmond (city),Richmond city
10142,78728,Route 1 Residential Overlay,"{""41_116"": """", ""41_117"": """", ""41_118"": """", ""41_119"": """", ""41_125"": """", ""41_126"": """", ""41_127"": """", ""41_128"": """", ""45_121"": ""f"", ""45_122"": ""f"", ""50_135"": ""t""}",Chesterfield,Chesterfield County
2825,83442,Community Unit Plan: Stony Point - North & South,"{""41_116"": """", ""41_117"": """", ""41_118"": """", ""41_119"": """", ""41_125"": """", ""41_126"": """", ""41_127"": """", ""41_128"": """", ""45_121"": ""f"", ""45_122"": ""f"", ""50_135"": ""t""}",Richmond (city),Richmond city
2542,83708,City Old & Historic,"{""41_116"": """", ""41_117"": """", ""41_118"": """", ""41_119"": """", ""41_125"": """", ""41_126"": """", ""41_127"": """", ""41_128"": """", ""45_121"": ""f"", ""45_122"": ""t"", ""50_135"": ""t""}",Richmond (city),Richmond city
